Bus,Voltage(pu),Angle(deg),Pinj(MW),Qinj(MVAR)
1,1.04,0.0,71.4264905651397,-3.656487820068932
2,1.025,9.077242325862118,162.99999999999997,-18.77111355752028
3,1.025,4.585927862229365,85.0,-35.248858030782415
4,1.04277577279185,-2.1741243624052355,-1.1546319456101628e-12,-1.7763568394002505e-13
5,1.0188671930258828,-3.907851364620765,-125.00000000000426,-49.99999999999272
6,1.0338489751030038,-3.6295607461162755,-90.0000000000014,-29.999999999997495
7,1.0412004220558437,3.5995980609521476,1.1313172620930345e-11,6.927791673660977e-12
8,1.0391248940245947,0.6693474436395703,-100.00000000000482,-34.99999999999801
9,1.0462811533258425,1.9238351736821138,3.4638958368304884e-12,2.1316282072803006e-12
