From Bus,To Bus,P(MW),Q(MVAR)
4,5,40.77022533942691,5.968711655567057
4,6,30.656265225711763,-12.349224393900798
5,7,-84.44060721345302,-8.415063663377868
6,9,-59.49431243523331,-9.095760017725105
7,8,76.34021760262057,-20.199247790654624
8,9,-24.118003784665397,-26.83885740527991
